Snords,,,,,
,,,,,
Collection:Steiner,1000,Jump:3038-01-01T00:00:00Z,500,,100
,,,,,
,,,,,
,,,,,
Dates,3025-01-01T00:00:00Z,,3050-01-01T00:00:00Z,,3061-01-01T00:00:00Z
Lights,,,,,
mechdef_ostscout_OTT-7J,43,,43,,43
mechdef_falcon_FLC-4N,64,,64,,64
mechdef_spider_SDR-5V,43,,43,,43
mechdef_firestarter_FS9-H,30,,30,,30
mechdef_firestarter_FS9-K,17,,17,,17
mechdef_firestarter_FS9-A,17,,17,,17
mechdef_firefly_FFL-3A,85,,85,,85
mechdef_nighthawk_NTK-2Q,85,,85,,85
mechdef_talon_TLN-5V,214,,214,,214
mechdef_mercury_MCY-99,43,,43,,43
mechdef_thorn_THE-N,85,,85,,85
mechdef_mongoose_MON-66,214,,214,,214
mechdef_hermes_HER-1S,17,,17,,17
mechdef_hussar_HSR-200-D,43,,43,,43
Mediums,,,,,
mechdef_cicada_CDA-2A,23,,23,,23
mechdef_sentinel_STN-3L,57,,57,,57
mechdef_whitworth_WTH-1,57,,57,,57
mechdef_phoenixhawk_PXH-1,86,,86,,86
mechdef_hunchback_HBK-4G,57,,57,,57
mechdef_shadowhawk_SHD-2H,86,,86,,86
mechdef_wolverine_WVR-6R,86,,86,,86
mechdef_phoenixhawk_PXH-2,23,,23,,23
mechdef_dervish_DV-6M,114,,114,,114
mechdef_griffin_GRF-1N,23,,23,,23
mechdef_kyudo_KY2-D-02,40,,40,,40
mechdef_griffin_GRF-4N,114,,114,,114
mechdef_crab_CRB-27_actual,6,,6,,6
mechdef_hoplite_HOP-4C,57,,57,,57
mechdef_trebuchet_TBT-3C,3,,3,,3
mechdef_kintaro_KTO-19,114,,114,,114
mechdef_wyvern_WVE-5N,57,,57,,57
mechdef_wyvern_WVE-5Nsl,39,,39,,39
mechdef_galahad_GLH-1D,39,,39,,39
Heavies,,,,,
mechdef_ostroc_OSR-2C,21,,21,,21
mechdef_ostsol_OTL-4D,21,,21,,21
mechdef_warhammer_WHM-6R,52,,52,,52
mechdef_thunderbolt_TDR-5S,52,,52,,52
mechdef_orion_ON1-K,52,,52,,52
mechdef_archer_ARC-2R,52,,52,,52
mechdef_champion_CHP-1N,36,,36,,36
mechdef_champion_CHP-1N2,16,,16,,16
mechdef_lancelot_LNC25-01,78,,78,,78
mechdef_lancelot_LNC25-05,21,,21,,21
mechdef_helepolis_HEP-3H,21,,21,,21
mechdef_bombardier_BMB-12D,5,,5,,5
mechdef_shootist_ST-8A,50,,50,,50
mechdef_crusader_CRD-2R,103,,103,,103
mechdef_catapult_CPLT-A1,16,,16,,16
mechdef_catapult_CPLT-C1,5,,5,,5
mechdef_catapult_CPLT-C4,5,,5,,5
mechdef_cestus_CTS-6Y,3,,3,,3
mechdef_exterminator_EXT-4D,16,,16,,16
mechdef_excalibur_EXC-B2,36,,36,,36
mechdef_guillotine_GLT-3N,103,,103,,103
mechdef_blackknight_BL-6-KNT,78,,78,,78
mechdef_flashman_FLS-8K,5,,5,,5
mechdef_marauder_MAD-1R,66,,66,,66
mechdef_galahad_GLH-2D,78,,78,,78
mechdef_marauder_MAD-2R,12,,12,,12
mechdef_crusader_CRD-1R,52,,52,,52
Assaults,,,,,
mechdef_cyclops_CP-10-Z,15,,15,,15
mechdef_victor_VTR-9B,51,,51,,51
mechdef_banshee_BNC-3E,51,,51,,51
mechdef_striker_STC-2C,51,,51,,51
mechdef_battlemaster_BLR-1G,51,,51,,51
mechdef_stalker_STK-3F,152,,152,,152
mechdef_awesome_AWS-8Q,102,,102,,102
mechdef_longbow_LGB-7Q,20,,20,,20
mechdef_stalker_STK-3H,36,,36,,36
mechdef_atlas_AS7-D,3,,3,,3
mechdef_longbow_LGB-0W,76,,76,,76
mechdef_victor_VTR-9A,5,,5,,5
mechdef_victor_VTR-9A1,5,,5,,5
mechdef_battlemaster_BLR-2C,3,,3,,3
mechdef_cyclops_CP-10-HQ,5,,5,,5
mechdef_thug_THG-11E,102,,102,,102
mechdef_crockett_CRK-5003-1,36,,36,,36
mechdef_mackie_MSK-9H,5,,5,,5
mechdef_highlander_HGN-732,152,,152,,152
mechdef_nightstar_NSR-9J,3,,3,,3
mechdef_kingcrab_KGC-000,10,,10,,10
mechdef_thunderhawk_TDK-7X,3,,3,,3
mechdef_pillager_PLG-3Z,75,,75,,75
mechdef_battlemaster_BLR-1Gc,3,,3,,3