General,
Salvage:DavionLocals,20
Salvage:KuritaLocals,20
Salvage:LiaoLocals,20
Salvage:MarikLocals,20
Salvage:SteinerLocals,20
Dates,3025-01-01T00:00:00Z
Lights,
mechdef_flea_FLE-14,5
mechdef_stinger_STG-3R,166
mechdef_wasp_WSP-1A,252
mechdef_locust_LCT-1V,166
mechdef_hornet_HNT-152,5
mechdef_hornet_HNT-151,9
mechdef_locust_LCT-3V,9
mechdef_stinger_STG-3G,35
mechdef_urbanmech_UM-R60,75
mechdef_javelin_JVN-10N,25
mechdef_ostscout_OTT-7J,9
mechdef_hermes_HER-1A,5
mechdef_falcon_FLC-4N,5
mechdef_spider_SDR-5V,9
mechdef_valkyrie_VLK-QF,5
mechdef_hermes_HER-1B,5
mechdef_firestarter_FS9-H,80
mechdef_valkyrie_VLK-QA,14
mechdef_mongoose_MON-67,5
mechdef_firestarter_FS9-K,5
mechdef_urbanmech_UM-R90,5
mechdef_javelin_JVN-10F,6
Mediums,
mechdef_vulcan_VL-2T,92
mechdef_cicada_CDA-2A,12
mechdef_kyudo_KY2-D-01,4
mechdef_assassin_ASN-21,6
mechdef_clint_CLNT-2-3T,6
mechdef_hermesII_HER-2S,12
mechdef_vulcan_VL-5T,12
mechdef_centurion_CN9-A,43
mechdef_blackjack_BJ-1,43
mechdef_whitworth_WTH-1,6
mechdef_trebuchet_TBT-5S,6
mechdef_wyvern_WVE-6N,6
mechdef_scorpion_SCP-1N,12
mechdef_hunchback_HBK-4G,43
mechdef_phoenixhawk_PXH-1,184
mechdef_chameleon_CLN-7V,6
mechdef_shadowhawk_SHD-2H,123
mechdef_hunchback_HBK-4H,6
mechdef_hunchback_HBK-4N,6
mechdef_rifleman_RFL-2N,64
mechdef_wolverine_WVR-6R,92
mechdef_hunchback_HBK-4P,6
mechdef_crab_CRB-20,6
mechdef_hunchback_HBK-4J,6
mechdef_dervish_DV-6M,25
mechdef_trebuchet_TBT-5N,43
mechdef_griffin_GRF-1N,92
mechdef_gladiator_GLD-3R,6
mechdef_gladiator_GLD-4R,6
Heavies,
mechdef_loaderking_LDK-5C,3
mechdef_rifleman_RFL-3N,98
mechdef_champion_CHP-2N,5
mechdef_dragon_DRG-1N,34
mechdef_quickdraw_QKD-4G,34
mechdef_quickdraw_QKD-5A,5
mechdef_ostwar_OWR-2M,3
mechdef_dragon_DRG-1C,10
mechdef_merlin_MLN-1A,10
mechdef_ostroc_OSR-2C,34
mechdef_ostroc_OSR-2L,5
mechdef_quickdraw_QKD-4H,5
mechdef_ostsol_OTL-4D,73
mechdef_ostroc_OSR-3C,5
mechdef_orion_ON1-V,5
mechdef_warhammer_WHM-6R,98
mechdef_crusader_CRD-3R,146
mechdef_orion_ON1-VA,5
mechdef_thunderbolt_TDR-5S,98
mechdef_bombardier_BMB-10D,5
mechdef_marauder_MAD-3R,10
mechdef_guillotine_GLT-4P,5
mechdef_guillotine_GLT-4L,10
mechdef_grasshopper_GHR-5H,46
mechdef_orion_ON1-K,34
mechdef_grasshopper_GHR-4R,3
mechdef_blackknight_BL-7-KNT,5
mechdef_stalker_STK-4P,15
mechdef_archer_ARC-2R,97
Assaults,
mechdef_cyclops_CP-10-Z,10
mechdef_zeus_ZEU-6Y,3
mechdef_longbow_LGB-0W,85
mechdef_zeus_ZEU-6S,37
mechdef_victor_VTR-9B,10
mechdef_banshee_BNC-3E,176
mechdef_goliath_GOL-1H,5
mechdef_awesome_AWS-8R,10
mechdef_striker_STC-2C,21
mechdef_awesome_AWS-8V,10
mechdef_battlemaster_BLR-1G,27
mechdef_stalker_STK-4N,37
mechdef_stalker_STK-3F,266
mechdef_cyclops_CP-10-Q,5
mechdef_awesome_AWS-8T,10
mechdef_awesome_AWS-8Q,107
mechdef_longbow_LGB-7Q,37
mechdef_stalker_STK-3H,37
mechdef_atlas_AS7-A,5
mechdef_pillager_PLG-1N,5
mechdef_atlas_AS7-D,5